configuracion,tablero_indice,repeticion,estado_inicial,estado_final,h_inicial,h_final,evaluaciones,resuelto,truncada,longitud_solucion,longitud_optima
temple_actividad_sin_tope,0,0,0-1-6-3-4-7-8-2-5,1-2-3-4-5-6-7-8-0,14,0,4257,True,False,3834.0,22
temple_actividad_sin_tope,1,0,0-6-7-8-4-3-1-2-5,1-2-3-4-5-6-7-8-0,16,0,4834,True,False,4326.0,28
temple_actividad_sin_tope,2,0,1-0-3-2-7-4-8-5-6,0-2-3-1-5-6-7-8-4,9,4,17401,False,False,,21
temple_actividad_sin_tope,3,0,1-6-8-3-5-0-4-7-2,1-2-3-4-5-6-7-8-0,13,0,6047,True,False,5175.0,17
temple_actividad_sin_tope,4,0,1-7-4-8-2-3-0-6-5,1-2-3-4-5-6-7-8-0,14,0,6454,True,False,5510.0,20
temple_actividad_sin_tope,5,0,2-3-1-7-4-5-8-6-0,1-3-2-4-5-6-0-8-7,10,4,17401,False,False,,16
temple_actividad_sin_tope,6,0,2-7-1-6-4-8-0-3-5,1-2-3-4-5-6-7-8-0,16,0,5404,True,False,4740.0,26
temple_actividad_sin_tope,7,0,2-8-4-6-1-3-0-5-7,1-2-3-4-5-6-7-8-0,14,0,8579,True,False,6600.0,22
temple_actividad_sin_tope,8,0,2-8-7-6-3-1-5-0-4,1-2-3-4-5-6-7-8-0,19,0,5814,True,False,5079.0,25
temple_actividad_sin_tope,9,0,3-2-1-7-5-4-8-6-0,1-2-3-4-5-6-7-8-0,10,0,5277,True,False,4608.0,22
temple_actividad_sin_tope,10,0,3-5-4-6-2-7-8-0-1,1-2-3-4-5-6-7-8-0,17,0,6192,True,False,5325.0,27
temple_actividad_sin_tope,11,0,3-6-2-5-0-4-1-7-8,1-2-3-4-5-6-7-8-0,12,0,7163,True,False,5878.0,16
temple_actividad_sin_tope,12,0,4-1-5-2-6-3-0-7-8,1-2-3-4-5-6-7-8-0,10,0,3560,True,False,3212.0,18
temple_actividad_sin_tope,13,0,4-1-8-3-5-7-2-6-0,1-2-3-4-5-6-7-8-0,16,0,6817,True,False,5686.0,24
temple_actividad_sin_tope,14,0,4-3-2-1-0-6-7-5-8,1-2-3-4-5-6-7-8-0,6,0,9964,True,False,7072.0,18
temple_actividad_sin_tope,15,0,4-3-7-6-2-5-0-1-8,1-5-2-4-0-3-7-8-6,14,4,17401,False,False,,26
temple_actividad_sin_tope,16,0,4-5-0-1-2-7-8-3-6,1-2-3-4-5-6-7-8-0,12,0,6314,True,False,5368.0,22
temple_actividad_sin_tope,17,0,5-1-2-6-4-7-3-0-8,1-2-3-4-5-6-7-8-0,15,0,6477,True,False,5523.0,23
temple_actividad_sin_tope,18,0,5-1-7-8-6-3-2-4-0,1-2-3-4-5-6-7-8-0,16,0,8525,True,False,6632.0,24
temple_actividad_sin_tope,19,0,6-0-1-8-4-7-3-2-5,1-2-3-4-5-6-7-8-0,19,0,6994,True,False,5809.0,27
temple_actividad_sin_tope,20,0,6-3-7-5-1-4-8-2-0,1-2-3-4-5-6-7-8-0,16,0,2329,True,False,2158.0,24
temple_actividad_sin_tope,21,0,6-8-2-3-1-5-4-0-7,1-2-3-4-5-6-7-8-0,15,0,8774,True,False,6719.0,21
temple_actividad_sin_tope,22,0,7-0-8-6-3-2-1-4-5,1-0-3-4-5-6-7-8-2,17,3,17401,False,False,,23
temple_actividad_sin_tope,23,0,7-1-8-2-0-3-5-4-6,1-2-3-4-5-6-7-8-0,14,0,6832,True,False,5718.0,22
temple_actividad_sin_tope,24,0,7-3-2-1-0-6-8-5-4,1-2-3-0-5-6-7-8-4,10,3,17401,False,False,,22
temple_actividad_sin_tope,25,0,7-8-3-4-1-2-0-5-6,1-5-6-4-2-3-7-8-0,10,4,17401,False,False,,22
temple_actividad_sin_tope,26,0,8-1-2-3-6-0-7-5-4,1-2-3-4-5-6-7-8-0,13,0,4944,True,False,4421.0,23
temple_actividad_sin_tope,27,0,8-1-7-3-0-2-6-5-4,4-5-3-1-2-6-7-8-0,20,4,17401,False,False,,22
temple_actividad_sin_tope,28,0,8-4-1-3-5-7-0-2-6,1-2-3-4-5-6-7-8-0,16,0,5861,True,False,5080.0,26
temple_actividad_sin_tope,29,0,8-6-4-5-0-3-7-1-2,1-2-3-4-5-6-7-8-0,16,0,7635,True,False,6174.0,26
temple_actividad_sin_tope,0,1,0-1-6-3-4-7-8-2-5,1-2-3-4-5-6-7-8-0,14,0,4109,True,False,3692.0,22
temple_actividad_sin_tope,1,1,0-6-7-8-4-3-1-2-5,1-2-3-4-5-6-7-8-0,16,0,5479,True,False,4786.0,28
temple_actividad_sin_tope,2,1,1-0-3-2-7-4-8-5-6,1-2-3-4-5-6-7-8-0,9,0,6636,True,False,5605.0,21
temple_actividad_sin_tope,3,1,1-6-8-3-5-0-4-7-2,1-2-3-4-5-6-7-8-0,13,0,7308,True,False,6053.0,17
temple_actividad_sin_tope,4,1,1-7-4-8-2-3-0-6-5,1-2-3-4-5-6-7-8-0,14,0,7933,True,False,6284.0,20
temple_actividad_sin_tope,5,1,2-3-1-7-4-5-8-6-0,1-2-3-0-4-5-7-8-6,10,3,17401,False,False,,16
temple_actividad_sin_tope,6,1,2-7-1-6-4-8-0-3-5,1-5-0-4-2-6-7-8-3,16,4,17401,False,False,,26
temple_actividad_sin_tope,7,1,2-8-4-6-1-3-0-5-7,1-2-3-4-5-6-7-8-0,14,0,5847,True,False,5064.0,22
temple_actividad_sin_tope,8,1,2-8-7-6-3-1-5-0-4,1-2-3-4-5-6-7-8-0,19,0,7262,True,False,6007.0,25
temple_actividad_sin_tope,9,1,3-2-1-7-5-4-8-6-0,1-2-3-0-5-6-7-8-4,10,3,17401,False,False,,22
temple_actividad_sin_tope,10,1,3-5-4-6-2-7-8-0-1,1-2-3-4-0-6-7-5-8,17,2,17401,False,False,,27
temple_actividad_sin_tope,11,1,3-6-2-5-0-4-1-7-8,1-2-3-4-5-6-7-8-0,12,0,8013,True,False,6370.0,16
temple_actividad_sin_tope,12,1,4-1-5-2-6-3-0-7-8,1-2-3-4-5-6-7-8-0,10,0,6738,True,False,5660.0,18
temple_actividad_sin_tope,13,1,4-1-8-3-5-7-2-6-0,1-2-3-4-5-6-7-8-0,16,0,9956,True,False,7154.0,24
temple_actividad_sin_tope,14,1,4-3-2-1-0-6-7-5-8,1-2-3-4-5-6-7-8-0,6,0,5120,True,False,4492.0,18
temple_actividad_sin_tope,15,1,4-3-7-6-2-5-0-1-8,1-0-3-4-5-6-7-8-2,14,3,17401,False,False,,26
temple_actividad_sin_tope,16,1,4-5-0-1-2-7-8-3-6,1-2-3-0-5-6-7-8-4,12,3,17401,False,False,,22
temple_actividad_sin_tope,17,1,5-1-2-6-4-7-3-0-8,1-2-0-5-4-6-7-8-3,15,4,17401,False,False,,23
temple_actividad_sin_tope,18,1,5-1-7-8-6-3-2-4-0,1-2-3-4-5-6-7-8-0,16,0,5698,True,False,4952.0,24
temple_actividad_sin_tope,19,1,6-0-1-8-4-7-3-2-5,1-2-3-4-5-6-7-8-0,19,0,6368,True,False,5447.0,27
temple_actividad_sin_tope,20,1,6-3-7-5-1-4-8-2-0,1-2-3-4-5-6-7-8-0,16,0,3871,True,False,3494.0,24
temple_actividad_sin_tope,21,1,6-8-2-3-1-5-4-0-7,1-2-3-4-5-6-7-8-0,15,0,5755,True,False,5027.0,21
temple_actividad_sin_tope,22,1,7-0-8-6-3-2-1-4-5,1-2-3-4-5-6-7-8-0,17,0,6185,True,False,5327.0,23
temple_actividad_sin_tope,23,1,7-1-8-2-0-3-5-4-6,1-2-3-4-7-6-0-8-5,14,4,17401,False,False,,22
temple_actividad_sin_tope,24,1,7-3-2-1-0-6-8-5-4,1-2-3-4-5-6-7-8-0,10,0,6751,True,False,5660.0,22
temple_actividad_sin_tope,25,1,7-8-3-4-1-2-0-5-6,1-5-3-7-2-6-4-8-0,10,4,17401,False,False,,22
temple_actividad_sin_tope,26,1,8-1-2-3-6-0-7-5-4,1-2-3-0-5-6-7-8-4,13,3,17401,False,False,,23
temple_actividad_sin_tope,27,1,8-1-7-3-0-2-6-5-4,1-2-3-4-5-6-7-8-0,20,0,8340,True,False,6528.0,22
temple_actividad_sin_tope,28,1,8-4-1-3-5-7-0-2-6,1-2-3-4-5-6-7-8-0,16,0,5350,True,False,4710.0,26
temple_actividad_sin_tope,29,1,8-6-4-5-0-3-7-1-2,1-2-0-4-5-6-8-7-3,16,4,17401,False,False,,26
temple_actividad_sin_tope,0,2,0-1-6-3-4-7-8-2-5,1-2-3-4-5-6-7-8-0,14,0,10933,True,False,7260.0,22
temple_actividad_sin_tope,1,2,0-6-7-8-4-3-1-2-5,1-2-3-4-5-6-7-8-0,16,0,8333,True,False,6476.0,28
temple_actividad_sin_tope,2,2,1-0-3-2-7-4-8-5-6,1-2-3-4-5-6-7-8-0,9,0,5717,True,False,4955.0,21
temple_actividad_sin_tope,3,2,1-6-8-3-5-0-4-7-2,1-2-3-4-5-0-7-8-6,13,1,17401,False,False,,17
temple_actividad_sin_tope,4,2,1-7-4-8-2-3-0-6-5,1-2-3-4-5-6-7-8-0,14,0,8163,True,False,6488.0,20
temple_actividad_sin_tope,5,2,2-3-1-7-4-5-8-6-0,1-2-3-4-5-6-7-8-0,10,0,7237,True,False,5990.0,16
temple_actividad_sin_tope,6,2,2-7-1-6-4-8-0-3-5,1-2-3-4-5-6-7-8-0,16,0,4702,True,False,4162.0,26
temple_actividad_sin_tope,7,2,2-8-4-6-1-3-0-5-7,1-2-3-4-5-6-7-8-0,14,0,4386,True,False,3930.0,22
temple_actividad_sin_tope,8,2,2-8-7-6-3-1-5-0-4,1-2-3-4-5-6-7-8-0,19,0,7062,True,False,5809.0,25
temple_actividad_sin_tope,9,2,3-2-1-7-5-4-8-6-0,1-2-3-4-8-6-5-7-0,10,4,17401,False,False,,22
temple_actividad_sin_tope,10,2,3-5-4-6-2-7-8-0-1,1-2-3-4-5-6-7-8-0,17,0,9294,True,False,6875.0,27
temple_actividad_sin_tope,11,2,3-6-2-5-0-4-1-7-8,7-2-3-1-5-6-4-8-0,12,4,17401,False,False,,16
temple_actividad_sin_tope,12,2,4-1-5-2-6-3-0-7-8,1-2-3-4-5-6-7-8-0,10,0,7305,True,False,6024.0,18
temple_actividad_sin_tope,13,2,4-1-8-3-5-7-2-6-0,1-2-3-4-5-6-7-8-0,16,0,5585,True,False,4888.0,24
temple_actividad_sin_tope,14,2,4-3-2-1-0-6-7-5-8,1-2-3-0-5-6-7-8-4,6,3,17401,False,False,,18
temple_actividad_sin_tope,15,2,4-3-7-6-2-5-0-1-8,1-2-3-4-5-6-7-8-0,14,0,6771,True,False,5696.0,26
temple_actividad_sin_tope,16,2,4-5-0-1-2-7-8-3-6,1-2-3-4-5-6-7-8-0,12,0,7062,True,False,5846.0,22
temple_actividad_sin_tope,17,2,5-1-2-6-4-7-3-0-8,1-2-3-4-5-6-7-8-0,15,0,3670,True,False,3335.0,23
temple_actividad_sin_tope,18,2,5-1-7-8-6-3-2-4-0,1-2-3-4-5-6-7-8-0,16,0,10130,True,False,7190.0,24
temple_actividad_sin_tope,19,2,6-0-1-8-4-7-3-2-5,1-2-3-4-5-6-7-8-0,19,0,4892,True,False,4305.0,27
temple_actividad_sin_tope,20,2,6-3-7-5-1-4-8-2-0,1-2-3-4-5-6-7-8-0,16,0,9099,True,False,6826.0,24
temple_actividad_sin_tope,21,2,6-8-2-3-1-5-4-0-7,1-2-3-4-5-6-7-8-0,15,0,7668,True,False,6201.0,21
temple_actividad_sin_tope,22,2,7-0-8-6-3-2-1-4-5,1-2-3-4-5-6-7-8-0,17,0,8029,True,False,6339.0,23
temple_actividad_sin_tope,23,2,7-1-8-2-0-3-5-4-6,1-0-3-4-5-6-7-8-2,14,3,17401,False,False,,22
temple_actividad_sin_tope,24,2,7-3-2-1-0-6-8-5-4,1-2-3-4-5-6-7-8-0,10,0,6610,True,False,5602.0,22
temple_actividad_sin_tope,25,2,7-8-3-4-1-2-0-5-6,1-2-3-0-5-6-7-8-4,10,3,17401,False,False,,22
temple_actividad_sin_tope,26,2,8-1-2-3-6-0-7-5-4,1-2-3-4-5-6-7-8-0,13,0,7088,True,False,5911.0,23
temple_actividad_sin_tope,27,2,8-1-7-3-0-2-6-5-4,4-2-3-5-1-6-7-8-0,20,4,17401,False,False,,22
temple_actividad_sin_tope,28,2,8-4-1-3-5-7-0-2-6,1-2-3-4-5-6-7-8-0,16,0,7227,True,False,5874.0,26
temple_actividad_sin_tope,29,2,8-6-4-5-0-3-7-1-2,1-0-3-4-5-6-7-8-2,16,3,17401,False,False,,26
temple_actividad_sin_tope,0,3,0-1-6-3-4-7-8-2-5,1-2-3-4-5-6-7-8-0,14,0,4552,True,False,4082.0,22
temple_actividad_sin_tope,1,3,0-6-7-8-4-3-1-2-5,1-2-3-4-5-6-7-8-0,16,0,5978,True,False,5134.0,28
temple_actividad_sin_tope,2,3,1-0-3-2-7-4-8-5-6,1-2-3-4-5-6-7-8-0,9,0,7640,True,False,6171.0,21
temple_actividad_sin_tope,3,3,1-6-8-3-5-0-4-7-2,1-2-3-4-5-6-7-0-8,13,1,17401,False,False,,17
temple_actividad_sin_tope,4,3,1-7-4-8-2-3-0-6-5,1-2-6-5-4-3-7-8-0,14,4,17401,False,False,,20
temple_actividad_sin_tope,5,3,2-3-1-7-4-5-8-6-0,1-2-3-4-5-6-7-8-0,10,0,7001,True,False,5814.0,16
temple_actividad_sin_tope,6,3,2-7-1-6-4-8-0-3-5,4-5-3-1-2-6-7-8-0,16,4,17401,False,False,,26
temple_actividad_sin_tope,7,3,2-8-4-6-1-3-0-5-7,1-2-3-4-5-6-7-8-0,14,0,6142,True,False,5274.0,22
temple_actividad_sin_tope,8,3,2-8-7-6-3-1-5-0-4,1-2-3-4-5-6-7-8-0,19,0,7880,True,False,6289.0,25
temple_actividad_sin_tope,9,3,3-2-1-7-5-4-8-6-0,1-2-3-4-5-6-7-8-0,10,0,6568,True,False,5556.0,22
temple_actividad_sin_tope,10,3,3-5-4-6-2-7-8-0-1,1-2-3-4-5-6-7-8-0,17,0,3715,True,False,3395.0,27
temple_actividad_sin_tope,11,3,3-6-2-5-0-4-1-7-8,1-2-3-4-5-6-7-8-0,12,0,5573,True,False,4900.0,16
temple_actividad_sin_tope,12,3,4-1-5-2-6-3-0-7-8,1-2-3-4-5-6-7-8-0,10,0,7210,True,False,5964.0,18
temple_actividad_sin_tope,13,3,4-1-8-3-5-7-2-6-0,1-2-3-4-5-6-7-8-0,16,0,6477,True,False,5524.0,24
temple_actividad_sin_tope,14,3,4-3-2-1-0-6-7-5-8,1-2-3-4-0-5-7-8-6,6,2,17401,False,False,,18
temple_actividad_sin_tope,15,3,4-3-7-6-2-5-0-1-8,2-1-3-4-6-5-7-8-0,14,4,17401,False,False,,26
temple_actividad_sin_tope,16,3,4-5-0-1-2-7-8-3-6,1-2-3-4-5-6-7-8-0,12,0,7259,True,False,5972.0,22
temple_actividad_sin_tope,17,3,5-1-2-6-4-7-3-0-8,1-2-3-4-5-6-7-8-0,15,0,9039,True,False,6831.0,23
temple_actividad_sin_tope,18,3,5-1-7-8-6-3-2-4-0,1-2-3-4-5-6-7-8-0,16,0,7294,True,False,5982.0,24
temple_actividad_sin_tope,19,3,6-0-1-8-4-7-3-2-5,1-2-3-4-5-6-7-8-0,19,0,6030,True,False,5171.0,27
temple_actividad_sin_tope,20,3,6-3-7-5-1-4-8-2-0,1-2-3-4-5-6-7-8-0,16,0,5686,True,False,4950.0,24
temple_actividad_sin_tope,21,3,6-8-2-3-1-5-4-0-7,1-2-3-7-8-6-4-5-0,15,4,17401,False,False,,21
temple_actividad_sin_tope,22,3,7-0-8-6-3-2-1-4-5,4-5-3-1-2-6-7-8-0,17,4,17401,False,False,,23
temple_actividad_sin_tope,23,3,7-1-8-2-0-3-5-4-6,1-2-3-4-5-6-7-8-0,14,0,6661,True,False,5672.0,22
temple_actividad_sin_tope,24,3,7-3-2-1-0-6-8-5-4,1-0-3-4-5-6-7-8-2,10,3,17401,False,False,,22
temple_actividad_sin_tope,25,3,7-8-3-4-1-2-0-5-6,1-2-3-4-5-6-7-8-0,10,0,8099,True,False,6332.0,22
temple_actividad_sin_tope,26,3,8-1-2-3-6-0-7-5-4,1-2-3-0-4-6-7-5-8,13,3,17401,False,False,,23
temple_actividad_sin_tope,27,3,8-1-7-3-0-2-6-5-4,1-2-3-4-5-6-7-8-0,20,0,8908,True,False,6810.0,22
temple_actividad_sin_tope,28,3,8-4-1-3-5-7-0-2-6,1-2-3-4-5-6-7-8-0,16,0,7672,True,False,6208.0,26
temple_actividad_sin_tope,29,3,8-6-4-5-0-3-7-1-2,1-2-3-4-5-6-7-8-0,16,0,8886,True,False,6732.0,26
temple_actividad_sin_tope,0,4,0-1-6-3-4-7-8-2-5,1-0-3-4-5-6-7-8-2,14,3,17401,False,False,,22
temple_actividad_sin_tope,1,4,0-6-7-8-4-3-1-2-5,2-4-3-1-5-6-7-8-0,16,4,17401,False,False,,28
temple_actividad_sin_tope,2,4,1-0-3-2-7-4-8-5-6,1-2-3-4-5-6-7-8-0,9,0,2825,True,False,2595.0,21
temple_actividad_sin_tope,3,4,1-6-8-3-5-0-4-7-2,1-2-3-4-5-6-7-8-0,13,0,9004,True,False,6833.0,17
temple_actividad_sin_tope,4,4,1-7-4-8-2-3-0-6-5,1-2-3-4-5-6-7-8-0,14,0,10239,True,False,7140.0,20
temple_actividad_sin_tope,5,4,2-3-1-7-4-5-8-6-0,1-2-3-4-5-6-7-8-0,10,0,6771,True,False,5614.0,16
temple_actividad_sin_tope,6,4,2-7-1-6-4-8-0-3-5,2-3-1-4-5-6-7-8-0,16,4,17401,False,False,,26
temple_actividad_sin_tope,7,4,2-8-4-6-1-3-0-5-7,1-2-3-4-5-6-7-8-0,14,0,6700,True,False,5586.0,22
temple_actividad_sin_tope,8,4,2-8-7-6-3-1-5-0-4,1-2-3-4-5-6-7-8-0,19,0,6052,True,False,5213.0,25
temple_actividad_sin_tope,9,4,3-2-1-7-5-4-8-6-0,1-2-3-4-5-6-7-8-0,10,0,3914,True,False,3552.0,22
temple_actividad_sin_tope,10,4,3-5-4-6-2-7-8-0-1,1-2-3-4-8-6-5-7-0,17,4,17401,False,False,,27
temple_actividad_sin_tope,11,4,3-6-2-5-0-4-1-7-8,1-2-3-4-5-6-7-8-0,12,0,7055,True,False,5856.0,16
temple_actividad_sin_tope,12,4,4-1-5-2-6-3-0-7-8,1-2-6-4-3-5-7-8-0,10,4,17401,False,False,,18
temple_actividad_sin_tope,13,4,4-1-8-3-5-7-2-6-0,1-2-0-4-5-6-7-3-8,16,4,17401,False,False,,24
temple_actividad_sin_tope,14,4,4-3-2-1-0-6-7-5-8,0-2-3-4-1-6-7-8-5,6,4,17401,False,False,,18
temple_actividad_sin_tope,15,4,4-3-7-6-2-5-0-1-8,1-2-3-4-5-6-7-8-0,14,0,8100,True,False,6428.0,26
temple_actividad_sin_tope,16,4,4-5-0-1-2-7-8-3-6,1-2-3-4-5-6-7-8-0,12,0,7650,True,False,6228.0,22
temple_actividad_sin_tope,17,4,5-1-2-6-4-7-3-0-8,1-5-2-4-0-3-7-8-6,15,4,17401,False,False,,23
temple_actividad_sin_tope,18,4,5-1-7-8-6-3-2-4-0,1-2-3-4-5-6-7-8-0,16,0,7397,True,False,6102.0,24
temple_actividad_sin_tope,19,4,6-0-1-8-4-7-3-2-5,1-2-3-4-5-6-7-8-0,19,0,6237,True,False,5313.0,27
temple_actividad_sin_tope,20,4,6-3-7-5-1-4-8-2-0,1-2-3-4-5-6-7-8-0,16,0,8923,True,False,6678.0,24
temple_actividad_sin_tope,21,4,6-8-2-3-1-5-4-0-7,1-2-3-4-5-6-7-8-0,15,0,7313,True,False,5993.0,21
temple_actividad_sin_tope,22,4,7-0-8-6-3-2-1-4-5,1-2-3-4-5-6-7-8-0,17,0,10286,True,False,7163.0,23
temple_actividad_sin_tope,23,4,7-1-8-2-0-3-5-4-6,1-2-0-5-4-6-7-8-3,14,4,17401,False,False,,22
temple_actividad_sin_tope,24,4,7-3-2-1-0-6-8-5-4,1-2-3-4-5-6-7-8-0,10,0,7702,True,False,6228.0,22
temple_actividad_sin_tope,25,4,7-8-3-4-1-2-0-5-6,1-2-3-4-5-6-7-8-0,10,0,4355,True,False,3924.0,22
temple_actividad_sin_tope,26,4,8-1-2-3-6-0-7-5-4,1-2-3-4-5-6-7-8-0,13,0,5989,True,False,5101.0,23
temple_actividad_sin_tope,27,4,8-1-7-3-0-2-6-5-4,1-2-3-4-5-6-7-8-0,20,0,7231,True,False,5920.0,22
temple_actividad_sin_tope,28,4,8-4-1-3-5-7-0-2-6,1-2-3-4-5-6-7-8-0,16,0,7659,True,False,6162.0,26
temple_actividad_sin_tope,29,4,8-6-4-5-0-3-7-1-2,1-2-3-4-5-0-7-8-6,16,1,17401,False,False,,26
temple_actividad_sin_tope,0,5,0-1-6-3-4-7-8-2-5,1-2-3-4-5-6-7-8-0,14,0,8041,True,False,6392.0,22
temple_actividad_sin_tope,1,5,0-6-7-8-4-3-1-2-5,1-2-3-4-5-6-7-8-0,16,0,6646,True,False,5542.0,28
temple_actividad_sin_tope,2,5,1-0-3-2-7-4-8-5-6,1-2-3-4-5-6-7-8-0,9,0,7310,True,False,6001.0,21
temple_actividad_sin_tope,3,5,1-6-8-3-5-0-4-7-2,1-2-3-4-5-6-7-8-0,13,0,5254,True,False,4635.0,17
temple_actividad_sin_tope,4,5,1-7-4-8-2-3-0-6-5,1-2-3-4-5-6-7-8-0,14,0,9149,True,False,6814.0,20
temple_actividad_sin_tope,5,5,2-3-1-7-4-5-8-6-0,1-2-3-4-5-6-7-8-0,10,0,7042,True,False,5864.0,16
temple_actividad_sin_tope,6,5,2-7-1-6-4-8-0-3-5,1-0-3-4-5-6-7-8-2,16,3,17401,False,False,,26
temple_actividad_sin_tope,7,5,2-8-4-6-1-3-0-5-7,1-2-3-4-5-6-7-8-0,14,0,2973,True,False,2708.0,22
temple_actividad_sin_tope,8,5,2-8-7-6-3-1-5-0-4,1-2-3-4-5-6-7-8-0,19,0,7594,True,False,6143.0,25
temple_actividad_sin_tope,9,5,3-2-1-7-5-4-8-6-0,1-2-3-4-6-5-0-8-7,10,4,17401,False,False,,22
temple_actividad_sin_tope,10,5,3-5-4-6-2-7-8-0-1,1-2-3-4-5-6-7-8-0,17,0,3802,True,False,3453.0,27
temple_actividad_sin_tope,11,5,3-6-2-5-0-4-1-7-8,1-2-3-4-5-6-7-8-0,12,0,6162,True,False,5190.0,16
temple_actividad_sin_tope,12,5,4-1-5-2-6-3-0-7-8,1-2-3-7-4-6-5-8-0,10,4,17401,False,False,,18
temple_actividad_sin_tope,13,5,4-1-8-3-5-7-2-6-0,1-2-3-4-5-6-7-8-0,16,0,7300,True,False,5970.0,24
temple_actividad_sin_tope,14,5,4-3-2-1-0-6-7-5-8,1-2-3-4-5-6-7-8-0,6,0,6410,True,False,5472.0,18
temple_actividad_sin_tope,15,5,4-3-7-6-2-5-0-1-8,1-2-3-4-5-6-7-8-0,14,0,9309,True,False,6898.0,26
temple_actividad_sin_tope,16,5,4-5-0-1-2-7-8-3-6,1-2-3-4-5-6-7-8-0,12,0,5137,True,False,4512.0,22
temple_actividad_sin_tope,17,5,5-1-2-6-4-7-3-0-8,1-2-3-4-5-6-7-8-0,15,0,6458,True,False,5477.0,23
temple_actividad_sin_tope,18,5,5-1-7-8-6-3-2-4-0,1-2-3-0-5-6-7-8-4,16,3,17401,False,False,,24
temple_actividad_sin_tope,19,5,6-0-1-8-4-7-3-2-5,1-2-3-4-5-6-7-8-0,19,0,5531,True,False,4847.0,27
temple_actividad_sin_tope,20,5,6-3-7-5-1-4-8-2-0,1-5-3-2-4-6-7-8-0,16,4,17401,False,False,,24
temple_actividad_sin_tope,21,5,6-8-2-3-1-5-4-0-7,1-2-3-4-5-6-7-8-0,15,0,5963,True,False,5179.0,21
temple_actividad_sin_tope,22,5,7-0-8-6-3-2-1-4-5,1-2-3-4-5-6-0-7-8,17,2,17401,False,False,,23
temple_actividad_sin_tope,23,5,7-1-8-2-0-3-5-4-6,1-2-3-4-5-6-7-8-0,14,0,5123,True,False,4512.0,22
temple_actividad_sin_tope,24,5,7-3-2-1-0-6-8-5-4,1-2-3-4-5-6-7-8-0,10,0,4555,True,False,4056.0,22
temple_actividad_sin_tope,25,5,7-8-3-4-1-2-0-5-6,1-2-3-4-5-6-7-8-0,10,0,5898,True,False,5130.0,22
temple_actividad_sin_tope,26,5,8-1-2-3-6-0-7-5-4,1-2-3-4-5-6-7-8-0,13,0,10520,True,False,7241.0,23
temple_actividad_sin_tope,27,5,8-1-7-3-0-2-6-5-4,1-2-3-4-5-6-7-8-0,20,0,4366,True,False,3896.0,22
temple_actividad_sin_tope,28,5,8-4-1-3-5-7-0-2-6,1-2-3-4-5-6-7-8-0,16,0,8720,True,False,6676.0,26
temple_actividad_sin_tope,29,5,8-6-4-5-0-3-7-1-2,1-2-6-4-0-3-7-8-5,16,4,17401,False,False,,26
temple_actividad_sin_tope,0,6,0-1-6-3-4-7-8-2-5,1-2-3-4-5-6-7-8-0,14,0,5305,True,False,4676.0,22
temple_actividad_sin_tope,1,6,0-6-7-8-4-3-1-2-5,1-2-3-4-5-6-7-8-0,16,0,5851,True,False,5020.0,28
temple_actividad_sin_tope,2,6,1-0-3-2-7-4-8-5-6,1-2-3-4-5-6-7-8-0,9,0,8461,True,False,6649.0,21
temple_actividad_sin_tope,3,6,1-6-8-3-5-0-4-7-2,1-2-3-4-5-6-7-8-0,13,0,8227,True,False,6541.0,17
temple_actividad_sin_tope,4,6,1-7-4-8-2-3-0-6-5,1-2-3-4-5-6-7-8-0,14,0,9442,True,False,6922.0,20
temple_actividad_sin_tope,5,6,2-3-1-7-4-5-8-6-0,1-2-3-4-5-6-7-0-8,10,1,17401,False,False,,16
temple_actividad_sin_tope,6,6,2-7-1-6-4-8-0-3-5,1-2-3-4-5-6-7-8-0,16,0,5340,True,False,4658.0,26
temple_actividad_sin_tope,7,6,2-8-4-6-1-3-0-5-7,1-2-3-4-5-6-7-8-0,14,0,8395,True,False,6508.0,22
temple_actividad_sin_tope,8,6,2-8-7-6-3-1-5-0-4,1-2-3-4-5-6-7-8-0,19,0,8400,True,False,6545.0,25
temple_actividad_sin_tope,9,6,3-2-1-7-5-4-8-6-0,1-0-3-4-5-6-7-8-2,10,3,17401,False,False,,22
temple_actividad_sin_tope,10,6,3-5-4-6-2-7-8-0-1,1-2-3-4-5-6-7-8-0,17,0,6360,True,False,5419.0,27
temple_actividad_sin_tope,11,6,3-6-2-5-0-4-1-7-8,1-2-3-4-5-6-7-8-0,12,0,6903,True,False,5766.0,16
temple_actividad_sin_tope,12,6,4-1-5-2-6-3-0-7-8,1-2-3-4-5-6-7-8-0,10,0,7710,True,False,6186.0,18
temple_actividad_sin_tope,13,6,4-1-8-3-5-7-2-6-0,1-2-3-4-5-6-7-8-0,16,0,8330,True,False,6544.0,24
temple_actividad_sin_tope,14,6,4-3-2-1-0-6-7-5-8,1-2-3-4-5-6-7-8-0,6,0,9486,True,False,6984.0,18
temple_actividad_sin_tope,15,6,4-3-7-6-2-5-0-1-8,1-2-3-4-5-6-7-8-0,14,0,6413,True,False,5474.0,26
temple_actividad_sin_tope,16,6,4-5-0-1-2-7-8-3-6,1-2-3-4-5-6-7-8-0,12,0,8384,True,False,6524.0,22
temple_actividad_sin_tope,17,6,5-1-2-6-4-7-3-0-8,1-2-3-4-5-6-7-8-0,15,0,4621,True,False,4129.0,23
temple_actividad_sin_tope,18,6,5-1-7-8-6-3-2-4-0,1-2-3-0-5-6-7-8-4,16,3,17401,False,False,,24
temple_actividad_sin_tope,19,6,6-0-1-8-4-7-3-2-5,1-2-3-4-5-6-7-8-0,19,0,7342,True,False,6005.0,27
temple_actividad_sin_tope,20,6,6-3-7-5-1-4-8-2-0,1-2-3-4-5-6-7-8-0,16,0,7060,True,False,5874.0,24
temple_actividad_sin_tope,21,6,6-8-2-3-1-5-4-0-7,1-2-3-4-5-6-7-8-0,15,0,4601,True,False,4119.0,21
temple_actividad_sin_tope,22,6,7-0-8-6-3-2-1-4-5,1-0-3-4-5-6-7-8-2,17,3,17401,False,False,,23
temple_actividad_sin_tope,23,6,7-1-8-2-0-3-5-4-6,1-2-3-5-4-6-0-8-7,14,4,17401,False,False,,22
temple_actividad_sin_tope,24,6,7-3-2-1-0-6-8-5-4,4-5-3-1-2-6-7-8-0,10,4,17401,False,False,,22
temple_actividad_sin_tope,25,6,7-8-3-4-1-2-0-5-6,1-2-3-4-5-6-7-8-0,10,0,908,True,False,860.0,22
temple_actividad_sin_tope,26,6,8-1-2-3-6-0-7-5-4,1-2-0-5-4-6-7-8-3,13,4,17401,False,False,,23
temple_actividad_sin_tope,27,6,8-1-7-3-0-2-6-5-4,1-2-3-4-5-6-7-8-0,20,0,3049,True,False,2788.0,22
temple_actividad_sin_tope,28,6,8-4-1-3-5-7-0-2-6,1-2-3-4-5-6-7-8-0,16,0,7181,True,False,5950.0,26
temple_actividad_sin_tope,29,6,8-6-4-5-0-3-7-1-2,1-2-3-4-6-8-7-5-0,16,4,17401,False,False,,26
temple_actividad_sin_tope,0,7,0-1-6-3-4-7-8-2-5,1-2-3-4-5-6-7-8-0,14,0,8710,True,False,6750.0,22
temple_actividad_sin_tope,1,7,0-6-7-8-4-3-1-2-5,2-1-3-7-5-6-4-8-0,16,4,17401,False,False,,28
temple_actividad_sin_tope,2,7,1-0-3-2-7-4-8-5-6,1-2-3-4-5-0-7-8-6,9,1,17401,False,False,,21
temple_actividad_sin_tope,3,7,1-6-8-3-5-0-4-7-2,1-2-3-4-5-6-0-7-8,13,2,17401,False,False,,17
temple_actividad_sin_tope,4,7,1-7-4-8-2-3-0-6-5,1-2-3-4-5-6-7-8-0,14,0,7390,True,False,6088.0,20
temple_actividad_sin_tope,5,7,2-3-1-7-4-5-8-6-0,1-2-3-4-5-6-7-8-0,10,0,9503,True,False,6922.0,16
temple_actividad_sin_tope,6,7,2-7-1-6-4-8-0-3-5,1-2-3-4-5-6-7-8-0,16,0,2182,True,False,2038.0,26
temple_actividad_sin_tope,7,7,2-8-4-6-1-3-0-5-7,1-2-3-0-5-6-7-8-4,14,3,17401,False,False,,22
temple_actividad_sin_tope,8,7,2-8-7-6-3-1-5-0-4,1-2-3-4-5-6-7-8-0,19,0,4841,True,False,4321.0,25
temple_actividad_sin_tope,9,7,3-2-1-7-5-4-8-6-0,1-2-3-4-5-6-7-8-0,10,0,2736,True,False,2526.0,22
temple_actividad_sin_tope,10,7,3-5-4-6-2-7-8-0-1,1-2-3-4-5-6-7-8-0,17,0,6888,True,False,5803.0,27
temple_actividad_sin_tope,11,7,3-6-2-5-0-4-1-7-8,1-2-3-4-5-6-7-8-0,12,0,4442,True,False,3996.0,16
temple_actividad_sin_tope,12,7,4-1-5-2-6-3-0-7-8,1-0-3-4-5-6-7-8-2,10,3,17401,False,False,,18
temple_actividad_sin_tope,13,7,4-1-8-3-5-7-2-6-0,1-2-6-4-5-3-0-8-7,16,4,17401,False,False,,24
temple_actividad_sin_tope,14,7,4-3-2-1-0-6-7-5-8,1-2-3-4-5-6-7-8-0,6,0,5822,True,False,5006.0,18
temple_actividad_sin_tope,15,7,4-3-7-6-2-5-0-1-8,1-2-0-4-5-3-7-8-6,14,2,17401,False,False,,26
temple_actividad_sin_tope,16,7,4-5-0-1-2-7-8-3-6,1-2-3-4-5-6-7-8-0,12,0,8213,True,False,6462.0,22
temple_actividad_sin_tope,17,7,5-1-2-6-4-7-3-0-8,1-2-3-4-0-6-7-5-8,15,2,17401,False,False,,23
temple_actividad_sin_tope,18,7,5-1-7-8-6-3-2-4-0,1-2-3-4-5-6-7-8-0,16,0,7758,True,False,6322.0,24
temple_actividad_sin_tope,19,7,6-0-1-8-4-7-3-2-5,1-2-3-4-5-6-7-8-0,19,0,5855,True,False,5057.0,27
temple_actividad_sin_tope,20,7,6-3-7-5-1-4-8-2-0,1-2-3-4-5-6-7-8-0,16,0,8045,True,False,6444.0,24
temple_actividad_sin_tope,21,7,6-8-2-3-1-5-4-0-7,1-0-3-4-5-6-7-8-2,15,3,17401,False,False,,21
temple_actividad_sin_tope,22,7,7-0-8-6-3-2-1-4-5,1-2-3-4-5-6-7-8-0,17,0,5815,True,False,5061.0,23
temple_actividad_sin_tope,23,7,7-1-8-2-0-3-5-4-6,1-2-3-4-5-6-7-8-0,14,0,7192,True,False,5928.0,22
temple_actividad_sin_tope,24,7,7-3-2-1-0-6-8-5-4,1-2-3-4-5-6-7-8-0,10,0,9061,True,False,6824.0,22
temple_actividad_sin_tope,25,7,7-8-3-4-1-2-0-5-6,1-2-3-4-5-6-7-8-0,10,0,5950,True,False,5154.0,22
temple_actividad_sin_tope,26,7,8-1-2-3-6-0-7-5-4,1-2-3-4-5-6-7-8-0,13,0,6065,True,False,5185.0,23
temple_actividad_sin_tope,27,7,8-1-7-3-0-2-6-5-4,1-0-3-4-5-6-7-8-2,20,3,17401,False,False,,22
temple_actividad_sin_tope,28,7,8-4-1-3-5-7-0-2-6,1-2-3-4-5-6-7-8-0,16,0,8099,True,False,6378.0,26
temple_actividad_sin_tope,29,7,8-6-4-5-0-3-7-1-2,1-2-3-4-5-6-7-8-0,16,0,5196,True,False,4584.0,26
temple_actividad_sin_tope,0,8,0-1-6-3-4-7-8-2-5,1-2-3-0-5-6-7-8-4,14,3,17401,False,False,,22
temple_actividad_sin_tope,1,8,0-6-7-8-4-3-1-2-5,1-2-3-4-5-6-7-8-0,16,0,3577,True,False,3290.0,28
temple_actividad_sin_tope,2,8,1-0-3-2-7-4-8-5-6,1-2-3-4-5-6-7-8-0,9,0,6020,True,False,5197.0,21
temple_actividad_sin_tope,3,8,1-6-8-3-5-0-4-7-2,1-2-3-4-5-6-7-8-0,13,0,6531,True,False,5501.0,17
temple_actividad_sin_tope,4,8,1-7-4-8-2-3-0-6-5,1-2-3-4-5-6-7-8-0,14,0,5967,True,False,5156.0,20
temple_actividad_sin_tope,5,8,2-3-1-7-4-5-8-6-0,1-2-3-4-5-6-7-8-0,10,0,6546,True,False,5556.0,16
temple_actividad_sin_tope,6,8,2-7-1-6-4-8-0-3-5,1-2-3-4-5-6-7-8-0,16,0,8057,True,False,6460.0,26
temple_actividad_sin_tope,7,8,2-8-4-6-1-3-0-5-7,1-2-3-4-5-6-7-8-0,14,0,6502,True,False,5502.0,22
temple_actividad_sin_tope,8,8,2-8-7-6-3-1-5-0-4,1-2-3-4-5-6-7-8-0,19,0,7254,True,False,5943.0,25
temple_actividad_sin_tope,9,8,3-2-1-7-5-4-8-6-0,2-1-3-4-6-5-7-8-0,10,4,17401,False,False,,22
temple_actividad_sin_tope,10,8,3-5-4-6-2-7-8-0-1,1-2-3-4-5-6-7-8-0,17,0,8982,True,False,6817.0,27
temple_actividad_sin_tope,11,8,3-6-2-5-0-4-1-7-8,1-2-3-4-5-6-7-8-0,12,0,8292,True,False,6516.0,16
temple_actividad_sin_tope,12,8,4-1-5-2-6-3-0-7-8,1-2-3-4-5-6-7-8-0,10,0,5155,True,False,4558.0,18
temple_actividad_sin_tope,13,8,4-1-8-3-5-7-2-6-0,1-2-3-4-5-6-7-8-0,16,0,2885,True,False,2654.0,24
temple_actividad_sin_tope,14,8,4-3-2-1-0-6-7-5-8,1-2-3-4-5-6-7-8-0,6,0,7586,True,False,6202.0,18
temple_actividad_sin_tope,15,8,4-3-7-6-2-5-0-1-8,1-2-3-4-5-6-7-8-0,14,0,7918,True,False,6368.0,26
temple_actividad_sin_tope,16,8,4-5-0-1-2-7-8-3-6,1-2-3-4-5-6-7-8-0,12,0,1843,True,False,1728.0,22
temple_actividad_sin_tope,17,8,5-1-2-6-4-7-3-0-8,1-2-3-4-5-6-7-8-0,15,0,5590,True,False,4825.0,23
temple_actividad_sin_tope,18,8,5-1-7-8-6-3-2-4-0,1-2-3-4-5-6-7-8-0,16,0,7060,True,False,5860.0,24
temple_actividad_sin_tope,19,8,6-0-1-8-4-7-3-2-5,1-2-3-0-5-6-7-8-4,19,3,17401,False,False,,27
temple_actividad_sin_tope,20,8,6-3-7-5-1-4-8-2-0,1-2-3-0-5-6-7-8-4,16,3,17401,False,False,,24
temple_actividad_sin_tope,21,8,6-8-2-3-1-5-4-0-7,1-2-3-4-5-6-7-8-0,15,0,7057,True,False,5877.0,21
temple_actividad_sin_tope,22,8,7-0-8-6-3-2-1-4-5,1-2-3-4-5-6-7-8-0,17,0,6168,True,False,5299.0,23
temple_actividad_sin_tope,23,8,7-1-8-2-0-3-5-4-6,1-2-3-4-5-6-7-8-0,14,0,6952,True,False,5850.0,22
temple_actividad_sin_tope,24,8,7-3-2-1-0-6-8-5-4,1-2-3-4-5-6-7-8-0,10,0,4811,True,False,4250.0,22
temple_actividad_sin_tope,25,8,7-8-3-4-1-2-0-5-6,1-2-3-4-5-6-7-8-0,10,0,6786,True,False,5672.0,22
temple_actividad_sin_tope,26,8,8-1-2-3-6-0-7-5-4,1-2-3-0-4-6-7-5-8,13,3,17401,False,False,,23
temple_actividad_sin_tope,27,8,8-1-7-3-0-2-6-5-4,1-2-3-4-6-8-7-5-0,20,4,17401,False,False,,22
temple_actividad_sin_tope,28,8,8-4-1-3-5-7-0-2-6,1-2-3-4-5-6-7-8-0,16,0,8711,True,False,6664.0,26
temple_actividad_sin_tope,29,8,8-6-4-5-0-3-7-1-2,1-2-3-4-5-6-7-8-0,16,0,3210,True,False,2950.0,26
temple_actividad_sin_tope,0,9,0-1-6-3-4-7-8-2-5,1-2-3-4-5-6-7-8-0,14,0,7910,True,False,6348.0,22
temple_actividad_sin_tope,1,9,0-6-7-8-4-3-1-2-5,1-2-3-4-0-6-7-5-8,16,2,17401,False,False,,28
temple_actividad_sin_tope,2,9,1-0-3-2-7-4-8-5-6,1-2-3-4-0-5-7-8-6,9,2,17401,False,False,,21
temple_actividad_sin_tope,3,9,1-6-8-3-5-0-4-7-2,1-2-3-4-0-5-7-8-6,13,2,17401,False,False,,17
temple_actividad_sin_tope,4,9,1-7-4-8-2-3-0-6-5,1-2-3-4-5-6-7-8-0,14,0,5269,True,False,4608.0,20
temple_actividad_sin_tope,5,9,2-3-1-7-4-5-8-6-0,1-2-3-0-5-6-7-8-4,10,3,17401,False,False,,16
temple_actividad_sin_tope,6,9,2-7-1-6-4-8-0-3-5,1-0-3-4-5-6-7-8-2,16,3,17401,False,False,,26
temple_actividad_sin_tope,7,9,2-8-4-6-1-3-0-5-7,1-2-3-4-5-6-7-8-0,14,0,7059,True,False,5830.0,22
temple_actividad_sin_tope,8,9,2-8-7-6-3-1-5-0-4,1-2-3-4-5-6-7-8-0,19,0,6005,True,False,5191.0,25
temple_actividad_sin_tope,9,9,3-2-1-7-5-4-8-6-0,1-2-3-4-5-6-7-8-0,10,0,8237,True,False,6512.0,22
temple_actividad_sin_tope,10,9,3-5-4-6-2-7-8-0-1,1-2-3-4-5-6-7-8-0,17,0,5226,True,False,4551.0,27
temple_actividad_sin_tope,11,9,3-6-2-5-0-4-1-7-8,1-2-3-4-5-6-7-8-0,12,0,8998,True,False,6798.0,16
temple_actividad_sin_tope,12,9,4-1-5-2-6-3-0-7-8,1-2-0-5-4-6-7-8-3,10,4,17401,False,False,,18
temple_actividad_sin_tope,13,9,4-1-8-3-5-7-2-6-0,1-2-3-4-5-6-7-8-0,16,0,5865,True,False,5046.0,24
temple_actividad_sin_tope,14,9,4-3-2-1-0-6-7-5-8,1-2-3-4-5-6-7-8-0,6,0,5601,True,False,4916.0,18
temple_actividad_sin_tope,15,9,4-3-7-6-2-5-0-1-8,1-2-3-4-5-6-7-8-0,14,0,6027,True,False,5190.0,26
temple_actividad_sin_tope,16,9,4-5-0-1-2-7-8-3-6,1-0-3-4-2-5-7-8-6,12,3,17401,False,False,,22
temple_actividad_sin_tope,17,9,5-1-2-6-4-7-3-0-8,1-2-3-4-5-6-7-8-0,15,0,6223,True,False,5333.0,23
temple_actividad_sin_tope,18,9,5-1-7-8-6-3-2-4-0,1-2-3-4-5-6-7-8-0,16,0,6355,True,False,5422.0,24
temple_actividad_sin_tope,19,9,6-0-1-8-4-7-3-2-5,1-2-3-4-5-6-7-8-0,19,0,4747,True,False,4233.0,27
temple_actividad_sin_tope,20,9,6-3-7-5-1-4-8-2-0,1-2-3-0-5-6-7-8-4,16,3,17401,False,False,,24
temple_actividad_sin_tope,21,9,6-8-2-3-1-5-4-0-7,1-2-3-4-5-6-7-8-0,15,0,8151,True,False,6471.0,21
temple_actividad_sin_tope,22,9,7-0-8-6-3-2-1-4-5,1-2-3-4-5-6-7-8-0,17,0,6654,True,False,5615.0,23
temple_actividad_sin_tope,23,9,7-1-8-2-0-3-5-4-6,1-2-3-8-4-6-7-5-0,14,4,17401,False,False,,22
temple_actividad_sin_tope,24,9,7-3-2-1-0-6-8-5-4,1-0-3-4-5-6-7-8-2,10,3,17401,False,False,,22
temple_actividad_sin_tope,25,9,7-8-3-4-1-2-0-5-6,1-2-3-4-5-6-7-8-0,10,0,7341,True,False,6024.0,22
temple_actividad_sin_tope,26,9,8-1-2-3-6-0-7-5-4,1-4-3-5-2-6-7-8-0,13,4,17401,False,False,,23
temple_actividad_sin_tope,27,9,8-1-7-3-0-2-6-5-4,1-0-2-4-5-3-7-8-6,20,3,17401,False,False,,22
temple_actividad_sin_tope,28,9,8-4-1-3-5-7-0-2-6,1-5-3-4-2-6-8-7-0,16,4,17401,False,False,,26
temple_actividad_sin_tope,29,9,8-6-4-5-0-3-7-1-2,1-2-3-4-5-6-7-8-0,16,0,5778,True,False,5020.0,26
